INSERT INTO `vehicle` (`id`, `driver`, `mobile`, `number`) VALUES (1, '윤철규', '010-499-7664', '서울86바1658');
INSERT INTO `vehicle` (`id`, `driver`, `mobile`, `number`) VALUES (2, '박상국', '010-569-4054', '서울86바1721');
INSERT INTO `vehicle` (`id`, `driver`, `mobile`, `number`) VALUES (3, '박지용', '010-648-5041', '충북92아1781');
INSERT INTO `vehicle` (`id`, `driver`, `mobile`, `number`) VALUES (4, '장성우', '010-742-1863', '충북92아1791');
INSERT INTO `vehicle` (`id`, `driver`, `mobile`, `number`) VALUES (5, '유동희', '010-370-9842', '서울89자2064');
INSERT INTO `vehicle` (`id`, `driver`, `mobile`, `number`) VALUES (6, '신동진', '010-703-8708', '경기92자2559');
INSERT INTO `vehicle` (`id`, `driver`, `mobile`, `number`) VALUES (7, '이인수', '010-642-0609', '경기90사2752');
INSERT INTO `vehicle` (`id`, `driver`, `mobile`, `number`) VALUES (8, '노기남', '010-341-1897', '서울85바2778');
INSERT INTO `vehicle` (`id`, `driver`, `mobile`, `number`) VALUES (9, '박종철', '010-760-2837', '경기83사2952');
INSERT INTO `vehicle` (`id`, `driver`, `mobile`, `number`) VALUES (10, '이종민', '010-573-3735', '인천84바3055');
INSERT INTO `vehicle` (`id`, `driver`, `mobile`, `number`) VALUES (11, '김영철', '010-575-5023', '경기94자3107');
INSERT INTO `vehicle` (`id`, `driver`, `mobile`, `number`) VALUES (12, '정만수', '010-731-9983', '경기92아3824');
INSERT INTO `vehicle` (`id`, `driver`, `mobile`, `number`) VALUES (13, '황성호', '010-706-4304', '서울84사4294');
INSERT INTO `vehicle` (`id`, `driver`, `mobile`, `number`) VALUES (14, '황별규', '010-699-2937', '서울86자4768');
INSERT INTO `vehicle` (`id`, `driver`, `mobile`, `number`) VALUES (15, '박영세', '010-624-4592', '서울84사5109');
INSERT INTO `vehicle` (`id`, `driver`, `mobile`, `number`) VALUES (16, '박재민', '010-411-5271', '경기94자5520');
INSERT INTO `vehicle` (`id`, `driver`, `mobile`, `number`) VALUES (17, '박민혁', '010-795-5547', '경기80바5775');
INSERT INTO `vehicle` (`id`, `driver`, `mobile`, `number`) VALUES (18, '장은기', '010-427-9880', '경기83사6228');
INSERT INTO `vehicle` (`id`, `driver`, `mobile`, `number`) VALUES (19, '신영진', '010-634-5435', '경기83사6560');

INSERT INTO `route` (`id`, `name`, `vehicle_id`) VALUES (1, '윤철규(식품)', 1);
INSERT INTO `route` (`id`, `name`, `vehicle_id`) VALUES (2, '박상국(식품)', 2);
INSERT INTO `route` (`id`, `name`, `vehicle_id`) VALUES (3, '박지용(식품)', 3);
INSERT INTO `route` (`id`, `name`, `vehicle_id`) VALUES (4, '장성우(식품)', 4);
INSERT INTO `route` (`id`, `name`, `vehicle_id`) VALUES (5, '유동희(식품)', 5);
INSERT INTO `route` (`id`, `name`, `vehicle_id`) VALUES (6, '신동진(식품)', 6);
INSERT INTO `route` (`id`, `name`, `vehicle_id`) VALUES (7, '이인수(식품)', 7);
INSERT INTO `route` (`id`, `name`, `vehicle_id`) VALUES (8, '노기남(식품)', 8);
INSERT INTO `route` (`id`, `name`, `vehicle_id`) VALUES (9, '박종철(식품)', 9);
INSERT INTO `route` (`id`, `name`, `vehicle_id`) VALUES (10, '이종민(식품)', 10);
INSERT INTO `route` (`id`, `name`, `vehicle_id`) VALUES (11, '김영철(식품)', 11);
INSERT INTO `route` (`id`, `name`, `vehicle_id`) VALUES (12, '정만수(식품)', 12);
INSERT INTO `route` (`id`, `name`, `vehicle_id`) VALUES (13, '황성호(식품)', 13);
INSERT INTO `route` (`id`, `name`, `vehicle_id`) VALUES (14, '황별규(식품)', 14);
INSERT INTO `route` (`id`, `name`, `vehicle_id`) VALUES (15, '박영세(식품)', 15);
INSERT INTO `route` (`id`, `name`, `vehicle_id`) VALUES (16, '박재민(식품)', 16);
INSERT INTO `route` (`id`, `name`, `vehicle_id`) VALUES (17, '박민혁(식품)', 17);
INSERT INTO `route` (`id`, `name`, `vehicle_id`) VALUES (18, '장은기(식품)', 18);
INSERT INTO `route` (`id`, `name`, `vehicle_id`) VALUES (19, '신영진(식품)', 19);

INSERT INTO `route_pin` (`id`, `address`, `latitude`, `longitude`, `name`, `turn`, `route_id`, `arrival`) VALUES (1, '경기 성남시 분당구 삼평동 67 매장1호', 37.394767, 127.110787, 'S판교역점', 1, 12, '09:00:00');
INSERT INTO `route_pin` (`id`, `address`, `latitude`, `longitude`, `name`, `turn`, `route_id`, `arrival`) VALUES (2, '서울 서초구 양재동 233 매헌역내 매장2호', 37.46733, 127.038359, 'S매헌역점', 2, 12, '09:05:00');
INSERT INTO `route_pin` (`id`, `address`, `latitude`, `longitude`, `name`, `turn`, `route_id`, `arrival`) VALUES (3, '서울 서초구 양재동 12-1 신분당선양재역내 B1-27', 37.484438, 127.034691, 'S양재역1호점', 3, 12, '09:10:00');
INSERT INTO `route_pin` (`id`, `address`, `latitude`, `longitude`, `name`, `turn`, `route_id`, `arrival`) VALUES (4, '서울 서초구 남부순환로 지하 2585, B3-41호  (서초2동 1366-9, 신분당선양재역내)', 37.484294, 127.034693, 'S양재역2호점', 4, 12, '09:15:00');
INSERT INTO `route_pin` (`id`, `address`, `latitude`, `longitude`, `name`, `turn`, `route_id`, `arrival`) VALUES (5, '서울 강남구 도곡동 461-1번지 매봉역내 333-03호', 37.485043, 127.04702, 'S매봉역점', 5, 12, '09:20:00');
INSERT INTO `route_pin` (`id`, `address`, `latitude`, `longitude`, `name`, `turn`, `route_id`, `arrival`) VALUES (6, '서울 강남구 역삼로52길 14, 103호 (역삼2동 754-2, 도곡프라자)', 37.498549, 127.04799, '역삼월드점', 1, 15, '09:00:00');
INSERT INTO `route_pin` (`id`, `address`, `latitude`, `longitude`, `name`, `turn`, `route_id`, `arrival`) VALUES (7, '서울 강남구 언주로86길 11, 1층(역삼2동 706-20, 넥스빌빌딩)', 37.502007, 127.044251, '역삼넥스빌점', 2, 15, '09:05:00');
INSERT INTO `route_pin` (`id`, `address`, `latitude`, `longitude`, `name`, `turn`, `route_id`, `arrival`) VALUES (8, '서울 강남구 논현로 566, 지하1층 (역삼동 650-9, 강남차병원)', 37.506702, 127.034484, '차병원본점', 3, 15, '09:10:00');
INSERT INTO `route_pin` (`id`, `address`, `latitude`, `longitude`, `name`, `turn`, `route_id`, `arrival`) VALUES (9, '서울 강남구 언주로174길 17, 101호 (신사동 638-7, 서우빌딩)', 37.528388, 127.035381, '신사타운점', 4, 15, '09:15:00');
INSERT INTO `route_pin` (`id`, `address`, `latitude`, `longitude`, `name`, `turn`, `route_id`, `arrival`) VALUES (10, '서울 강남구 압구정로42길 24-10 (신사동 636-10)', 37.527468, 127.034351, '신사자생점', 5, 15, '09:20:00');
INSERT INTO `route_pin` (`id`, `address`, `latitude`, `longitude`, `name`, `turn`, `route_id`, `arrival`) VALUES (11, '서울 강남구 압구정로 309, 에이-105호, 에이-104호 (압구정동 481)', 37.531298, 127.034925, '압구정사랑점', 6, 15, '09:25:00');
INSERT INTO `route_pin` (`id`, `address`, `latitude`, `longitude`, `name`, `turn`, `route_id`, `arrival`) VALUES (12, '서울 송파구 도곡로 454, 1층 (잠실동 294-21, 정도빌딩)', 37.505567, 127.078541, '송파잠실점', 7, 15, '09:30:00');
INSERT INTO `route_pin` (`id`, `address`, `latitude`, `longitude`, `name`, `turn`, `route_id`, `arrival`) VALUES (13, '서울 송파구 백제고분로 232, 1층 102호 (삼전동 49-4, 남양빌딩)', 37.50297, 127.092281, '삼전공원점', 8, 15, '09:35:00');
INSERT INTO `route_pin` (`id`, `address`, `latitude`, `longitude`, `name`, `turn`, `route_id`, `arrival`) VALUES (14, '서울 송파구 삼학사로11길 3, 1층 일부 (삼전동 181)', 37.501354, 127.09647, '송파배명점', 9, 15, '09:40:00');
INSERT INTO `route_pin` (`id`, `address`, `latitude`, `longitude`, `name`, `turn`, `route_id`, `arrival`) VALUES (15, '서울 송파구 위례성대로14길 3,  101호 (방이동 192-5)', 37.512705, 127.123744, '송파나누리점', 10, 15, '09:45:00');
INSERT INTO `route_pin` (`id`, `address`, `latitude`, `longitude`, `name`, `turn`, `route_id`, `arrival`) VALUES (16, '서울 송파구 위례성대로18길 3(방이1동 186-19)', 37.511615, 127.126302, '방이우리점', 11, 15, '09:50:00');
INSERT INTO `route_pin` (`id`, `address`, `latitude`, `longitude`, `name`, `turn`, `route_id`, `arrival`) VALUES (17, '서울 송파구 위례성대로22길 16, 1층 (오금동 8)', 37.508934, 127.130631, '송파희망점', 12, 15, '09:55:00');
INSERT INTO `route_pin` (`id`, `address`, `latitude`, `longitude`, `name`, `turn`, `route_id`, `arrival`) VALUES (18, '서울 송파구 백제고분로46길 4(송파1동 133)', 37.508462, 127.111838, '송파중앙점', 13, 15, '10:00:00');
INSERT INTO `route_pin` (`id`, `address`, `latitude`, `longitude`, `name`, `turn`, `route_id`, `arrival`) VALUES (19, '서울 송파구 백제고분로46길 32-28, 1층 일부 (송파동 118-10)', 37.50635, 127.113412, '한양나누리점', 14, 15, '10:05:00');
INSERT INTO `route_pin` (`id`, `address`, `latitude`, `longitude`, `name`, `turn`, `route_id`, `arrival`) VALUES (20, '서울 송파구 탄천동로 740, 근생1층 일부 (장지동 875-1, 지에스칼텍스주유소)', 37.475827, 127.123629, '송파물류단지점', 1, 6, '09:00:00');
INSERT INTO `route_pin` (`id`, `address`, `latitude`, `longitude`, `name`, `turn`, `route_id`, `arrival`) VALUES (21, '서울 송파구 문정동 644-2번지', 37.484945, 127.119127, '문정현대C동점', 2, 6, '09:05:00');
INSERT INTO `route_pin` (`id`, `address`, `latitude`, `longitude`, `name`, `turn`, `route_id`, `arrival`) VALUES (22, '서울 송파구 법원로11길 25, C동 118호 (문정동 645, 문정비지니스)', 37.484947, 127.116208, '문정비지니스C동점', 3, 6, '09:10:00');
INSERT INTO `route_pin` (`id`, `address`, `latitude`, `longitude`, `name`, `turn`, `route_id`, `arrival`) VALUES (23, '서울 송파구 법원로11길 25, A동 120호 (문정동 645, 문정비지니스)', 37.485006, 127.116135, '문정비지니스A동점', 4, 6, '09:15:00');
INSERT INTO `route_pin` (`id`, `address`, `latitude`, `longitude`, `name`, `turn`, `route_id`, `arrival`) VALUES (24, '서울 송파구 법원로11길 25, B동 130호 (문정동 645, 문정비지니스)', 37.48504, 127.116146, '문정비지니스B동점', 5, 6, '09:20:00');
INSERT INTO `route_pin` (`id`, `address`, `latitude`, `longitude`, `name`, `turn`, `route_id`, `arrival`) VALUES (25, '서울 송파구 문정동 644-2번지', 37.484945, 127.119127, '문정현대A동점', 6, 6, '09:25:00');
INSERT INTO `route_pin` (`id`, `address`, `latitude`, `longitude`, `name`, `turn`, `route_id`, `arrival`) VALUES (26, '서울 강남구 테헤란로107길 11, 1층 (삼성동 169-10, 지상)', 37.510372, 127.065044, '삼성아트점', 7, 6, '09:30:00');
INSERT INTO `route_pin` (`id`, `address`, `latitude`, `longitude`, `name`, `turn`, `route_id`, `arrival`) VALUES (27, '서울 강남구 논현로94길 32, 1층 (역삼동 678-5)', 37.502915, 127.039018, '역삼프리미엄점', 8, 6, '09:35:00');
INSERT INTO `route_pin` (`id`, `address`, `latitude`, `longitude`, `name`, `turn`, `route_id`, `arrival`) VALUES (28, '서울 강남구 테헤란로37길 41 (역삼1동 673-18)', 37.504951, 127.039641, '역삼프라임점', 9, 6, '09:40:00');
INSERT INTO `route_pin` (`id`, `address`, `latitude`, `longitude`, `name`, `turn`, `route_id`, `arrival`) VALUES (29, '서울 강남구 테헤란로39길 51, 1층 (역삼1동 664-32)', 37.505686, 127.040288, '역삼미래점', 10, 6, '09:45:00');
INSERT INTO `route_pin` (`id`, `address`, `latitude`, `longitude`, `name`, `turn`, `route_id`, `arrival`) VALUES (30, '서울 강남구 학동로 443(청담동 47-5, 정한빌딩)', 37.5189, 127.049379, '청담우리들점', 11, 6, '09:50:00');
INSERT INTO `route_pin` (`id`, `address`, `latitude`, `longitude`, `name`, `turn`, `route_id`, `arrival`) VALUES (31, '서울 강남구 학동로77길 18, 2층 (청담동 31-16)', 37.519821, 127.048885, '청담우리본점', 12, 6, '09:55:00');
INSERT INTO `route_pin` (`id`, `address`, `latitude`, `longitude`, `name`, `turn`, `route_id`, `arrival`) VALUES (32, '서울 강남구 테헤란로87길 46, 지하1층 삼성동 (삼성1동 159)', 37.511215, 127.057817, '오크우드점', 13, 6, '10:00:00');
INSERT INTO `route_pin` (`id`, `address`, `latitude`, `longitude`, `name`, `turn`, `route_id`, `arrival`) VALUES (33, '서울 강남구 봉은사로114길 46 (삼성1동 166-7)', 37.511907, 127.065511, '강남엘지점', 14, 6, '10:05:00');
INSERT INTO `route_pin` (`id`, `address`, `latitude`, `longitude`, `name`, `turn`, `route_id`, `arrival`) VALUES (34, '서울 서초구 강남대로97길 51,  104호 (잠원동 24-6)', 37.513992, 127.016996, '잠원중앙점', 1, 1, '09:00:00');
INSERT INTO `route_pin` (`id`, `address`, `latitude`, `longitude`, `name`, `turn`, `route_id`, `arrival`) VALUES (35, '서울 서초구 강남대로99길 27 (잠원동 22-7, 서안빌딩)', 37.514828, 127.017988, '잠원강남점', 2, 1, '09:05:00');
INSERT INTO `route_pin` (`id`, `address`, `latitude`, `longitude`, `name`, `turn`, `route_id`, `arrival`) VALUES (36, '서울 강남구 논현로106길 42, 1층 (역삼동 656-3)', 37.506857, 127.037816, '강남갤러리점', 3, 1, '09:10:00');
INSERT INTO `route_pin` (`id`, `address`, `latitude`, `longitude`, `name`, `turn`, `route_id`, `arrival`) VALUES (37, '서울 강남구 언주로98길 7, 1층 (역삼동 699-2)', 37.505148, 127.042461, '역삼띵동점', 4, 1, '09:15:00');
INSERT INTO `route_pin` (`id`, `address`, `latitude`, `longitude`, `name`, `turn`, `route_id`, `arrival`) VALUES (38, '서울 강남구 논현로85길 5 (역삼동 738-7)', 37.499047, 127.037093, '역삼스타점', 5, 1, '09:20:00');
INSERT INTO `route_pin` (`id`, `address`, `latitude`, `longitude`, `name`, `turn`, `route_id`, `arrival`) VALUES (39, '서울 강동구 천중로49가길 21, 1층 코너(길동 341-31)', 37.541427, 127.144173, '길동하나점', 6, 1, '09:25:00');
INSERT INTO `route_pin` (`id`, `address`, `latitude`, `longitude`, `name`, `turn`, `route_id`, `arrival`) VALUES (40, '서울 강동구 양재대로124길 70, 1층 (길동 342-8)', 37.54225, 127.14585, '길동우림점', 7, 1, '09:30:00');
INSERT INTO `route_pin` (`id`, `address`, `latitude`, `longitude`, `name`, `turn`, `route_id`, `arrival`) VALUES (41, '서울 강동구 명일로 275, 1층 (길동 48)', 37.543338, 127.1476, '길동삼익점', 8, 1, '09:35:00');
INSERT INTO `route_pin` (`id`, `address`, `latitude`, `longitude`, `name`, `turn`, `route_id`, `arrival`) VALUES (42, '서울 송파구 토성로 26, 102~103호(풍납2동 259-8)', 37.53043, 127.113083, '풍납퍼스트점', 9, 1, '09:40:00');
INSERT INTO `route_pin` (`id`, `address`, `latitude`, `longitude`, `name`, `turn`, `route_id`, `arrival`) VALUES (43, '서울 송파구 바람드리9길 2(풍납1동 87-5)', 37.537805, 127.11854, '풍납한울점', 10, 1, '09:45:00');
INSERT INTO `route_pin` (`id`, `address`, `latitude`, `longitude`, `name`, `turn`, `route_id`, `arrival`) VALUES (44, '서울 송파구 풍성로25길 19 (풍납1동 485-4)', 37.535099, 127.120574, '송파풍납점', 11, 1, '09:50:00');
INSERT INTO `route_pin` (`id`, `address`, `latitude`, `longitude`, `name`, `turn`, `route_id`, `arrival`) VALUES (45, '서울 강남구 영동대로85길 17, B동 122호 (대치동 950, 우정에쉐르)', 37.506817, 127.06225, '대치대명점', 1, 17, '09:00:00');
INSERT INTO `route_pin` (`id`, `address`, `latitude`, `longitude`, `name`, `turn`, `route_id`, `arrival`) VALUES (46, '서울 강남구 삼성로 434, 1층 (대치동 942-4, 쥬비스타워)', 37.505627, 127.057661, '강남쥬비스점', 2, 17, '09:05:00');
INSERT INTO `route_pin` (`id`, `address`, `latitude`, `longitude`, `name`, `turn`, `route_id`, `arrival`) VALUES (47, '서울 강남구 테헤란로98길 8, 1층(대치2동 945-10, KT&G코스모대치타워)', 37.507761, 127.061944, '대치삼성점', 3, 17, '09:10:00');
INSERT INTO `route_pin` (`id`, `address`, `latitude`, `longitude`, `name`, `turn`, `route_id`, `arrival`) VALUES (48, '서울 강남구 테헤란로108길 11(대치2동 997-9)', 37.509063, 127.065886, '대치삼호점', 4, 17, '09:15:00');
INSERT INTO `route_pin` (`id`, `address`, `latitude`, `longitude`, `name`, `turn`, `route_id`, `arrival`) VALUES (49, '서울 강남구 대치동 1000-10번지', 37.507197, 127.065763, '삼성메디슨점', 5, 17, '09:20:00');
INSERT INTO `route_pin` (`id`, `address`, `latitude`, `longitude`, `name`, `turn`, `route_id`, `arrival`) VALUES (50, '서울 강남구 봉은사로 535, 1층 (삼성동 77-23, 트리니티재활병원빌딩)', 37.514195, 127.058639, '봉은사점', 6, 17, '09:25:00');
INSERT INTO `route_pin` (`id`, `address`, `latitude`, `longitude`, `name`, `turn`, `route_id`, `arrival`) VALUES (51, '서울 강남구 삼성로111길 7, 1층 (삼성동 51-3, 현대빌딩)', 37.513275, 127.052592, '삼성본점', 7, 17, '09:30:00');
INSERT INTO `route_pin` (`id`, `address`, `latitude`, `longitude`, `name`, `turn`, `route_id`, `arrival`) VALUES (52, '서울 강남구 봉은사로71길 6 (삼성2동 49-4)', 37.512659, 127.050198, '삼성봉은점', 8, 17, '09:35:00');
INSERT INTO `route_pin` (`id`, `address`, `latitude`, `longitude`, `name`, `turn`, `route_id`, `arrival`) VALUES (53, '서울 강남구 봉은사로 452(삼성2동 114-13)', 37.511524, 127.049092, '삼성복숭아점', 9, 17, '09:40:00');
INSERT INTO `route_pin` (`id`, `address`, `latitude`, `longitude`, `name`, `turn`, `route_id`, `arrival`) VALUES (54, '서울 강남구 삼성로107길 31, 1층 (삼성동 123-4)', 37.510723, 127.051534, '삼성그린점', 10, 17, '09:45:00');
INSERT INTO `route_pin` (`id`, `address`, `latitude`, `longitude`, `name`, `turn`, `route_id`, `arrival`) VALUES (55, '서울 강남구 삼성로107길 9, 1층 (삼성동 121-23)', 37.51137, 127.05313, '삼성중앙점', 11, 17, '09:50:00');
INSERT INTO `route_pin` (`id`, `address`, `latitude`, `longitude`, `name`, `turn`, `route_id`, `arrival`) VALUES (56, '서울 강남구 테헤란로63길 17 (삼성동 140-35)', 37.506332, 127.050029, '삼성승리점', 12, 17, '09:55:00');
INSERT INTO `route_pin` (`id`, `address`, `latitude`, `longitude`, `name`, `turn`, `route_id`, `arrival`) VALUES (57, '서울 강남구 역삼로11길 5(역삼1동 752-23)', 37.494822, 127.03428, '역삼흑룡점', 1, 11, '13:00:00');
INSERT INTO `route_pin` (`id`, `address`, `latitude`, `longitude`, `name`, `turn`, `route_id`, `arrival`) VALUES (58, '서울 강남구 역삼로14길 7(역삼1동 789-30)', 37.494105, 127.035497, '역삼2점', 2, 11, '13:05:00');
INSERT INTO `route_pin` (`id`, `address`, `latitude`, `longitude`, `name`, `turn`, `route_id`, `arrival`) VALUES (59, '서울 강남구 봉은사로 175, 1층 (논현1동 192-22, 근동빌딩)', 37.507266, 127.032938, '차병원사거리점', 3, 11, '13:10:00');
INSERT INTO `route_pin` (`id`, `address`, `latitude`, `longitude`, `name`, `turn`, `route_id`, `arrival`) VALUES (60, '서울 강남구 학동로2길 19, 1층 (논현1동 141-7, 세일빌딩)', 37.510065, 127.022978, '논현영동점', 4, 11, '13:15:00');
INSERT INTO `route_pin` (`id`, `address`, `latitude`, `longitude`, `name`, `turn`, `route_id`, `arrival`) VALUES (61, '서울 강남구 학동로 114(논현1동 122-2)', 37.511359, 127.02324, '논현중앙점', 5, 11, '13:20:00');
INSERT INTO `route_pin` (`id`, `address`, `latitude`, `longitude`, `name`, `turn`, `route_id`, `arrival`) VALUES (62, '서울 강남구 강남대로124길 36, 1층(논현1동 159)', 37.50925, 127.025527, '논현타운점', 6, 11, '13:25:00');
INSERT INTO `route_pin` (`id`, `address`, `latitude`, `longitude`, `name`, `turn`, `route_id`, `arrival`) VALUES (63, '서울 강남구 학동로6길 48, 1층 (논현1동 159-11)', 37.509183, 127.026116, '논현우람점', 7, 11, '13:30:00');
INSERT INTO `route_pin` (`id`, `address`, `latitude`, `longitude`, `name`, `turn`, `route_id`, `arrival`) VALUES (64, '서울 강남구 논현로115길 69(논현1동 170-2)', 37.508257, 127.02744, '논현평화점', 8, 11, '13:35:00');
INSERT INTO `route_pin` (`id`, `address`, `latitude`, `longitude`, `name`, `turn`, `route_id`, `arrival`) VALUES (65, '서울 강남구 강남대로124길 60, 1층 (논현1동 147, 영진빌딩)', 37.510486, 127.026732, '논현목련점', 9, 11, '13:40:00');
INSERT INTO `route_pin` (`id`, `address`, `latitude`, `longitude`, `name`, `turn`, `route_id`, `arrival`) VALUES (66, '서울 강남구 논현로123길 40, 1층(논현1동 133-32)', 37.510691, 127.028675, '논현사랑점', 10, 11, '13:45:00');
INSERT INTO `route_pin` (`id`, `address`, `latitude`, `longitude`, `name`, `turn`, `route_id`, `arrival`) VALUES (67, '서울 강남구 강남대로132길 48(논현1동 56)', 37.512932, 127.025018, '논현금옥점', 11, 11, '13:50:00');
INSERT INTO `route_pin` (`id`, `address`, `latitude`, `longitude`, `name`, `turn`, `route_id`, `arrival`) VALUES (68, '서울 강남구 논현로131길 31 (논현동 57-9)', 37.513747, 127.027787, '논현하니점', 12, 11, '13:55:00');
INSERT INTO `route_pin` (`id`, `address`, `latitude`, `longitude`, `name`, `turn`, `route_id`, `arrival`) VALUES (69, '서울 강남구 논현로131길 6(논현1동 37-16)', 37.514565, 127.029722, '논현동국점', 13, 11, '14:00:00');
INSERT INTO `route_pin` (`id`, `address`, `latitude`, `longitude`, `name`, `turn`, `route_id`, `arrival`) VALUES (70, '서울 강남구 도산대로26길 23, 1층 (논현동 33)', 37.51758, 127.028178, '논현스타점', 14, 11, '14:05:00');
INSERT INTO `route_pin` (`id`, `address`, `latitude`, `longitude`, `name`, `turn`, `route_id`, `arrival`) VALUES (71, '서울 강남구 논현로149길 50(논현1동 5-19)', 37.517388, 127.024595, '강남영동점', 15, 11, '14:10:00');
INSERT INTO `route_pin` (`id`, `address`, `latitude`, `longitude`, `name`, `turn`, `route_id`, `arrival`) VALUES (72, '서울 강남구 논현로87길 23, 1층 (역삼1동 736-37, 소정빌딩)', 37.499362, 127.034929, '역삼캐피탈점', 1, 4, '13:00:00');
INSERT INTO `route_pin` (`id`, `address`, `latitude`, `longitude`, `name`, `turn`, `route_id`, `arrival`) VALUES (73, '서울 강남구 테헤란로13길 16(역삼1동 637-19)', 37.500756, 127.032313, '역삼덕원점', 2, 4, '13:05:00');
INSERT INTO `route_pin` (`id`, `address`, `latitude`, `longitude`, `name`, `turn`, `route_id`, `arrival`) VALUES (74, '서울 강남구 테헤란로19길 20(역삼1동 645-11)', 37.501377, 127.03341, '역삼베다니점', 3, 4, '13:10:00');
INSERT INTO `route_pin` (`id`, `address`, `latitude`, `longitude`, `name`, `turn`, `route_id`, `arrival`) VALUES (75, '서울 강남구 강남대로94길 95(역삼1동 644-19)', 37.501155, 127.034974, '역삼태양점', 4, 4, '13:15:00');
INSERT INTO `route_pin` (`id`, `address`, `latitude`, `longitude`, `name`, `turn`, `route_id`, `arrival`) VALUES (76, '서울 강남구 논현로93길 3, 1층 (역삼동 642-5, 호양빌딩)', 37.501802, 127.03587, '지에스본점', 5, 4, '13:20:00');
INSERT INTO `route_pin` (`id`, `address`, `latitude`, `longitude`, `name`, `turn`, `route_id`, `arrival`) VALUES (77, '서울 강남구 테헤란로25길 39(역삼1동 640-13)', 37.503065, 127.034737, '역삼기쁨점', 6, 4, '13:25:00');
INSERT INTO `route_pin` (`id`, `address`, `latitude`, `longitude`, `name`, `turn`, `route_id`, `arrival`) VALUES (78, '서울 강남구 봉은사로26길 26 (역삼동 608-12)', 37.505445, 127.033674, '역삼소망점', 7, 4, '13:30:00');
INSERT INTO `route_pin` (`id`, `address`, `latitude`, `longitude`, `name`, `turn`, `route_id`, `arrival`) VALUES (79, '서울 강남구 봉은사로 143, 102호 (논현동 205-8, 운현오피스텔)', 37.506405, 127.030167, '논현무궁화점', 8, 4, '13:35:00');
INSERT INTO `route_pin` (`id`, `address`, `latitude`, `longitude`, `name`, `turn`, `route_id`, `arrival`) VALUES (80, '서울 강남구 봉은사로30길 11(역삼1동 658)', 37.506792, 127.035659, '역삼영동점', 9, 4, '13:40:00');
INSERT INTO `route_pin` (`id`, `address`, `latitude`, `longitude`, `name`, `turn`, `route_id`, `arrival`) VALUES (81, '서울 강남구 논현로98길 7(역삼1동 667-18)', 37.50378, 127.036358, '역삼거북점', 10, 4, '13:45:00');
INSERT INTO `route_pin` (`id`, `address`, `latitude`, `longitude`, `name`, `turn`, `route_id`, `arrival`) VALUES (82, '서울 서초구 강남대로79길 48, 1층 (반포동 740-17)', 37.504306, 127.021519, '반포행운점', 11, 4, '13:50:00');
INSERT INTO `route_pin` (`id`, `address`, `latitude`, `longitude`, `name`, `turn`, `route_id`, `arrival`) VALUES (83, '서울 서초구 사평대로55길 37(반포1동 739-35)', 37.505662, 127.021999, '반포중앙점', 12, 4, '13:55:00');
INSERT INTO `route_pin` (`id`, `address`, `latitude`, `longitude`, `name`, `turn`, `route_id`, `arrival`) VALUES (84, '서울 서초구 사평대로53길 36(반포1동 734-22)', 37.506044, 127.021316, '반포타운점', 13, 4, '14:00:00');
INSERT INTO `route_pin` (`id`, `address`, `latitude`, `longitude`, `name`, `turn`, `route_id`, `arrival`) VALUES (85, '서울 서초구 사평대로53길 103(반포1동 718-9)', 37.508699, 127.019946, '반포제일점', 14, 4, '14:05:00');
INSERT INTO `route_pin` (`id`, `address`, `latitude`, `longitude`, `name`, `turn`, `route_id`, `arrival`) VALUES (86, '서울 서초구 사평대로55길 82-14,  101호(반포1동 724-26)', 37.507841, 127.02179, '반포행복점', 15, 4, '14:10:00');
INSERT INTO `route_pin` (`id`, `address`, `latitude`, `longitude`, `name`, `turn`, `route_id`, `arrival`) VALUES (87, '서울 강남구 테헤란로2길 27, 13층(역삼1동 826-26, 비전타워)', 37.496425, 127.029516, '비전타워점', 16, 4, '14:15:00');
INSERT INTO `route_pin` (`id`, `address`, `latitude`, `longitude`, `name`, `turn`, `route_id`, `arrival`) VALUES (88, '서울 강남구 압구정로2길 9 (신사동 526-9)', 37.521041, 127.019559, '신사강남점', 1, 10, '13:00:00');
INSERT INTO `route_pin` (`id`, `address`, `latitude`, `longitude`, `name`, `turn`, `route_id`, `arrival`) VALUES (89, '서울 강남구 압구정로2길 58(신사동 511-10)', 37.518163, 127.021172, '신사센터점', 2, 10, '13:05:00');
INSERT INTO `route_pin` (`id`, `address`, `latitude`, `longitude`, `name`, `turn`, `route_id`, `arrival`) VALUES (90, '서울 강남구 강남대로152길 40, 1층(신사동 537)', 37.517875, 127.022451, '신사제일점', 3, 10, '13:10:00');
INSERT INTO `route_pin` (`id`, `address`, `latitude`, `longitude`, `name`, `turn`, `route_id`, `arrival`) VALUES (91, '서울 강남구 도산대로11길 34, 102호 (신사동 535-7)', 37.519677, 127.022518, '신사성원점', 4, 10, '13:15:00');
INSERT INTO `route_pin` (`id`, `address`, `latitude`, `longitude`, `name`, `turn`, `route_id`, `arrival`) VALUES (92, '서울 강남구 논현로155길 8, 1층(신사동 565-19)', 37.52182, 127.027694, '압구정화인점', 5, 10, '13:20:00');
INSERT INTO `route_pin` (`id`, `address`, `latitude`, `longitude`, `name`, `turn`, `route_id`, `arrival`) VALUES (93, '서울 강남구 압구정로28길 49, 101호,102호 (신사동 584-1)', 37.523243, 127.027726, '압구정유림점', 6, 10, '13:25:00');
INSERT INTO `route_pin` (`id`, `address`, `latitude`, `longitude`, `name`, `turn`, `route_id`, `arrival`) VALUES (94, '서울 강남구 압구정로28길 18 (신사동 577-12, 동헌빌딩)', 37.525396, 127.027557, '압구정역점', 7, 10, '13:30:00');
INSERT INTO `route_pin` (`id`, `address`, `latitude`, `longitude`, `name`, `turn`, `route_id`, `arrival`) VALUES (95, '서울 강남구 압구정로 156, 107호 (신사동 579, 카로시티2)', 37.526029, 127.026768, '압구정시티점', 8, 10, '13:35:00');
INSERT INTO `route_pin` (`id`, `address`, `latitude`, `longitude`, `name`, `turn`, `route_id`, `arrival`) VALUES (96, '서울 강남구 도산대로33길 8(신사동 588)', 37.521102, 127.030282, '압구정신사점', 9, 10, '13:40:00');
INSERT INTO `route_pin` (`id`, `address`, `latitude`, `longitude`, `name`, `turn`, `route_id`, `arrival`) VALUES (97, '서울 강남구 압구정로30길 65, 1층 (신사동 597-2)', 37.523058, 127.029261, '신사증권점', 10, 10, '13:45:00');
INSERT INTO `route_pin` (`id`, `address`, `latitude`, `longitude`, `name`, `turn`, `route_id`, `arrival`) VALUES (98, '서울 강남구 언주로153길 13, 1층 (신사동 628-10)', 37.522459, 127.032052, '신사중앙점', 11, 10, '13:50:00');
INSERT INTO `route_pin` (`id`, `address`, `latitude`, `longitude`, `name`, `turn`, `route_id`, `arrival`) VALUES (99, '서울 강남구 언주로159길 27, 1층 (신사동 625)', 37.524304, 127.030659, '신사소망점', 12, 10, '13:55:00');
INSERT INTO `route_pin` (`id`, `address`, `latitude`, `longitude`, `name`, `turn`, `route_id`, `arrival`) VALUES (100, '서울 강남구 언주로173길 13 (신사동 619-3)', 37.528033, 127.032452, '강남신사점', 13, 10, '14:00:00');
INSERT INTO `route_pin` (`id`, `address`, `latitude`, `longitude`, `name`, `turn`, `route_id`, `arrival`) VALUES (101, '서울 강남구 압구정로48길 15(신사동 659)', 37.527617, 127.03805, '로데오점', 14, 10, '14:05:00');
INSERT INTO `route_pin` (`id`, `address`, `latitude`, `longitude`, `name`, `turn`, `route_id`, `arrival`) VALUES (102, '서울 강남구 언주로168길 38, 1층 (신사동 646-13)', 37.52575, 127.036648, '신사장터점', 15, 10, '14:10:00');
INSERT INTO `route_pin` (`id`, `address`, `latitude`, `longitude`, `name`, `turn`, `route_id`, `arrival`) VALUES (103, '서울 강남구 논현로64길 14, 1층 (역삼동 788-20)', 37.493589, 127.041477, '역삼아람점', 1, 3, '13:00:00');
INSERT INTO `route_pin` (`id`, `address`, `latitude`, `longitude`, `name`, `turn`, `route_id`, `arrival`) VALUES (104, '서울 강남구 언주로108길 6 (역삼1동 688-1)', 37.507756, 127.040058, '역삼제일점', 2, 3, '13:05:00');
INSERT INTO `route_pin` (`id`, `address`, `latitude`, `longitude`, `name`, `turn`, `route_id`, `arrival`) VALUES (105, '서울 강남구 선릉로107길 17 (역삼1동 684-21, 미지허브)', 37.508932, 127.042768, '역삼목화점', 3, 3, '13:10:00');
INSERT INTO `route_pin` (`id`, `address`, `latitude`, `longitude`, `name`, `turn`, `route_id`, `arrival`) VALUES (106, '서울 강남구 테헤란로53길 48,  102호 (역삼동 695)', 37.506803, 127.044752, '역삼제스트점', 4, 3, '13:15:00');
INSERT INTO `route_pin` (`id`, `address`, `latitude`, `longitude`, `name`, `turn`, `route_id`, `arrival`) VALUES (107, '서울 강남구 선릉로 529, 1층(역삼1동 696-28)', 37.506635, 127.047212, '선릉넥슨점', 5, 3, '13:20:00');
INSERT INTO `route_pin` (`id`, `address`, `latitude`, `longitude`, `name`, `turn`, `route_id`, `arrival`) VALUES (108, '서울 강남구 역삼로78길 26,  1층 101호(대치4동 916-40)', 37.500782, 127.057421, '대치중앙점', 6, 3, '13:25:00');
INSERT INTO `route_pin` (`id`, `address`, `latitude`, `longitude`, `name`, `turn`, `route_id`, `arrival`) VALUES (109, '서울 강남구 삼성로71길 41 (대치4동 916-11)', 37.501213, 127.055545, '대치에이스점', 7, 3, '13:30:00');
INSERT INTO `route_pin` (`id`, `address`, `latitude`, `longitude`, `name`, `turn`, `route_id`, `arrival`) VALUES (110, '서울 강남구 삼성로 349(대치4동 912-23)', 37.502679, 127.05849, '대치사거리점', 8, 3, '13:35:00');
INSERT INTO `route_pin` (`id`, `address`, `latitude`, `longitude`, `name`, `turn`, `route_id`, `arrival`) VALUES (111, '서울 강남구 삼성로 307, 1층 101호 (대치4동 941-16)', 37.499413, 127.060295, '대치희망점', 9, 3, '13:40:00');
INSERT INTO `route_pin` (`id`, `address`, `latitude`, `longitude`, `name`, `turn`, `route_id`, `arrival`) VALUES (112, '서울 강남구 삼성로51길 25, 104,105호 (대치동 612, 대치SK-VIEW아파트)', 37.495912, 127.060932, '대치SK타운점', 10, 3, '13:45:00');
INSERT INTO `route_pin` (`id`, `address`, `latitude`, `longitude`, `name`, `turn`, `route_id`, `arrival`) VALUES (113, '서울 강남구 남부순환로 2927, 1층 117호 (대치동 622, 대치 클래시아)', 37.493638, 127.060345, '대치래미안점', 11, 3, '13:50:00');
INSERT INTO `route_pin` (`id`, `address`, `latitude`, `longitude`, `name`, `turn`, `route_id`, `arrival`) VALUES (114, '서울 강남구 언주로30길 21, A동 1층 105호 (도곡동 467-7, 아카데미스위트)', 37.488809, 127.051637, '도곡아카데미점', 12, 3, '13:55:00');
INSERT INTO `route_pin` (`id`, `address`, `latitude`, `longitude`, `name`, `turn`, `route_id`, `arrival`) VALUES (115, '서울 강남구 남부순환로 2912, 상가동 1층 104호  (대치동 500, 그랑프리앤상가)', 37.49064, 127.056108, '도곡역점', 13, 3, '14:00:00');
INSERT INTO `route_pin` (`id`, `address`, `latitude`, `longitude`, `name`, `turn`, `route_id`, `arrival`) VALUES (116, '서울 강남구 개포로 508, 109호,110호 (개포2동 186-15, 소망빌딩)', 37.489229, 127.067954, '개포소망점', 14, 3, '14:05:00');
INSERT INTO `route_pin` (`id`, `address`, `latitude`, `longitude`, `name`, `turn`, `route_id`, `arrival`) VALUES (117, '서울 강남구 일원로5길 6, 1층 (일원1동 682)', 37.490642, 127.08151, '일원으뜸점', 15, 3, '14:10:00');
INSERT INTO `route_pin` (`id`, `address`, `latitude`, `longitude`, `name`, `turn`, `route_id`, `arrival`) VALUES (118, '서울 강남구 양재대로33길 6(일원1동 680-4)', 37.489952, 127.083222, '일원센타점', 16, 3, '14:15:00');
INSERT INTO `route_pin` (`id`, `address`, `latitude`, `longitude`, `name`, `turn`, `route_id`, `arrival`) VALUES (119, '서울 강남구 수서동 559번지 강남데시앙포레아파트 상가동', 37.480931, 127.091157, '세곡1단지점', 17, 3, '14:20:00');
INSERT INTO `route_pin` (`id`, `address`, `latitude`, `longitude`, `name`, `turn`, `route_id`, `arrival`) VALUES (120, '서울 강남구 자곡동 7-1,2BL B06호', 37.479392, 127.102406, '강남푸르지오점', 18, 3, '14:25:00');
INSERT INTO `route_pin` (`id`, `address`, `latitude`, `longitude`, `name`, `turn`, `route_id`, `arrival`) VALUES (121, '서울 강남구 영동대로 510, 1층(삼성1동 168)', 37.510736, 127.062189, '삼성역점', 1, 13, '14:00:00');
INSERT INTO `route_pin` (`id`, `address`, `latitude`, `longitude`, `name`, `turn`, `route_id`, `arrival`) VALUES (122, '서울 강남구 테헤란로87길 37, 1층 (삼성1동 153-63, 영진빌딩)', 37.510214, 127.057751, '삼성영진점', 2, 13, '14:05:00');
INSERT INTO `route_pin` (`id`, `address`, `latitude`, `longitude`, `name`, `turn`, `route_id`, `arrival`) VALUES (123, '서울 강남구 테헤란로87길 25,  1층 13호(삼성1동 154-13)', 37.509693, 127.058967, '무역센타점', 3, 13, '14:10:00');
INSERT INTO `route_pin` (`id`, `address`, `latitude`, `longitude`, `name`, `turn`, `route_id`, `arrival`) VALUES (124, '서울 강남구 테헤란로81길 26,  101호(삼성1동 157-10)', 37.508774, 127.056762, '삼성터미널점', 4, 13, '14:15:00');
INSERT INTO `route_pin` (`id`, `address`, `latitude`, `longitude`, `name`, `turn`, `route_id`, `arrival`) VALUES (125, '서울 강남구 테헤란로77길 7(삼성2동 143-28, 동원빌딩)', 37.507206, 127.054542, '강남동원점', 5, 13, '14:20:00');
INSERT INTO `route_pin` (`id`, `address`, `latitude`, `longitude`, `name`, `turn`, `route_id`, `arrival`) VALUES (126, '서울 강남구 테헤란로77길 11-16, 1층 (삼성동 143-14)', 37.506972, 127.053213, '삼성스타점', 6, 13, '14:25:00');
INSERT INTO `route_pin` (`id`, `address`, `latitude`, `longitude`, `name`, `turn`, `route_id`, `arrival`) VALUES (127, '서울 강남구 삼성로95길 15(삼성2동 144)', 37.507755, 127.054508, '삼성선릉점', 7, 13, '14:30:00');
INSERT INTO `route_pin` (`id`, `address`, `latitude`, `longitude`, `name`, `turn`, `route_id`, `arrival`) VALUES (128, '서울 강남구 삼성로 550, 1층(삼성1동 150-19, 은성빌딩)', 37.510857, 127.054819, '강남은성점', 8, 13, '14:35:00');
INSERT INTO `route_pin` (`id`, `address`, `latitude`, `longitude`, `name`, `turn`, `route_id`, `arrival`) VALUES (129, '서울 강남구 봉은사로82길 16, 1층 (삼성1동 145-29, 삼성동스카이빌)', 37.512103, 127.055001, '삼성제일점', 9, 13, '14:40:00');
INSERT INTO `route_pin` (`id`, `address`, `latitude`, `longitude`, `name`, `turn`, `route_id`, `arrival`) VALUES (130, '서울 강남구 선릉로90길 56, 1동 101호 (대치4동 891-23, 대우아이빌명문가)', 37.504993, 127.053801, '대치명문점', 10, 13, '14:45:00');
INSERT INTO `route_pin` (`id`, `address`, `latitude`, `longitude`, `name`, `turn`, `route_id`, `arrival`) VALUES (131, '서울 강남구 선릉로86길 48 (대치4동 896-52, 동창빌딩)', 37.504108, 127.05362, '대치골드점', 11, 13, '14:50:00');
INSERT INTO `route_pin` (`id`, `address`, `latitude`, `longitude`, `name`, `turn`, `route_id`, `arrival`) VALUES (132, '서울 강남구 선릉로90길 36, 1층 (대치4동 890-47, 미소빌딩)', 37.504646, 127.052154, '대치타워점', 12, 13, '14:55:00');
INSERT INTO `route_pin` (`id`, `address`, `latitude`, `longitude`, `name`, `turn`, `route_id`, `arrival`) VALUES (133, '서울 강남구 선릉로90길 16, 1층(대치4동 889-52)', 37.504108, 127.050204, '선릉로즈점', 13, 13, '15:00:00');
INSERT INTO `route_pin` (`id`, `address`, `latitude`, `longitude`, `name`, `turn`, `route_id`, `arrival`) VALUES (134, '서울 강남구 테헤란로38길 6 (역삼2동 719-21, MeMo빌딩)', 37.501585, 127.041279, '역삼르네상스점', 1, 8, '14:00:00');
INSERT INTO `route_pin` (`id`, `address`, `latitude`, `longitude`, `name`, `turn`, `route_id`, `arrival`) VALUES (135, '서울 강남구 테헤란로28길 3-10, 1층 (역삼동 718-16)', 37.500931, 127.039489, '지에스사랑점', 2, 8, '14:05:00');
INSERT INTO `route_pin` (`id`, `address`, `latitude`, `longitude`, `name`, `turn`, `route_id`, `arrival`) VALUES (136, '서울 강남구 논현로 508(역삼1동 679)', 37.502005, 127.036456, '지에스강남점', 3, 8, '14:10:00');
INSERT INTO `route_pin` (`id`, `address`, `latitude`, `longitude`, `name`, `turn`, `route_id`, `arrival`) VALUES (137, '서울 강남구 논현로 508, B1층 (역삼동 679, 지에스타워)', 37.501992, 127.037352, '쿠킹스토리GS타워점', 4, 8, '14:15:00');
INSERT INTO `route_pin` (`id`, `address`, `latitude`, `longitude`, `name`, `turn`, `route_id`, `arrival`) VALUES (138, '서울 강남구 봉은사로30길 78, 1층 (역삼동 668-21)', 37.502415, 127.036971, '역삼지에스점', 5, 8, '14:20:00');
INSERT INTO `route_pin` (`id`, `address`, `latitude`, `longitude`, `name`, `turn`, `route_id`, `arrival`) VALUES (139, '서울 강남구 테헤란로27길 12 (역삼동 678-11)', 37.502198, 127.038003, '지에스타워점', 6, 8, '14:25:00');
INSERT INTO `route_pin` (`id`, `address`, `latitude`, `longitude`, `name`, `turn`, `route_id`, `arrival`) VALUES (140, '서울 강남구 학동로88길 5,  상가내 1층 5호(삼성1동 53-2, 진흥아파트)', 37.519456, 127.055134, '청담진흥점', 7, 8, '14:30:00');
INSERT INTO `route_pin` (`id`, `address`, `latitude`, `longitude`, `name`, `turn`, `route_id`, `arrival`) VALUES (141, '서울 강남구 영동대로 640,  103호(삼성1동 87, 아이파크)', 37.518903, 127.058105, '삼성에이스점', 8, 8, '14:35:00');
INSERT INTO `route_pin` (`id`, `address`, `latitude`, `longitude`, `name`, `turn`, `route_id`, `arrival`) VALUES (142, '서울 강남구 학동로101길 7, 1층 103호,104호 (청담동 133-6)', 37.520855, 127.057617, '청담삼익점', 9, 8, '14:40:00');
INSERT INTO `route_pin` (`id`, `address`, `latitude`, `longitude`, `name`, `turn`, `route_id`, `arrival`) VALUES (143, '서울 강남구 도산대로89길 12,  105호(청담동 125, 청담칼릭스빌)', 37.525435, 127.052344, '청담칼릭스점', 10, 8, '14:45:00');
INSERT INTO `route_pin` (`id`, `address`, `latitude`, `longitude`, `name`, `turn`, `route_id`, `arrival`) VALUES (144, '서울 강남구 도산대로55길 22, 지하1층 (청담동 88-3)', 37.524949, 127.040722, '청담88점', 11, 8, '14:50:00');
INSERT INTO `route_pin` (`id`, `address`, `latitude`, `longitude`, `name`, `turn`, `route_id`, `arrival`) VALUES (145, '서울 강남구 도산대로61길 10, 1층 (청담동 93-3, 라임빌딩)', 37.524585, 127.043021, '청담미래점', 12, 8, '14:55:00');
INSERT INTO `route_pin` (`id`, `address`, `latitude`, `longitude`, `name`, `turn`, `route_id`, `arrival`) VALUES (146, '서울 강남구 도산대로 510, (1층,4호)  (청담동 49-5, 신한오피스텔)', 37.52402, 127.0489, '청담사거리점', 13, 8, '15:00:00');
INSERT INTO `route_pin` (`id`, `address`, `latitude`, `longitude`, `name`, `turn`, `route_id`, `arrival`) VALUES (147, '서울 강남구 도산대로 542, 1층 1호(청담동 53, 우산빌딩)', 37.524557, 127.052977, '청담에이스점', 14, 8, '15:05:00');
INSERT INTO `route_pin` (`id`, `address`, `latitude`, `longitude`, `name`, `turn`, `route_id`, `arrival`) VALUES (148, '서울 강남구 영동대로141길 5(청담동 68)', 37.523216, 127.054261, '골프존타워점', 15, 8, '15:10:00');
INSERT INTO `route_pin` (`id`, `address`, `latitude`, `longitude`, `name`, `turn`, `route_id`, `arrival`) VALUES (149, '서울 강남구 강남대로 432 (역삼1동 815, 점프밀라노지하1층1099,1100호)', 37.501286, 127.026647, '강남밀라노점', 1, 2, '14:00:00');
INSERT INTO `route_pin` (`id`, `address`, `latitude`, `longitude`, `name`, `turn`, `route_id`, `arrival`) VALUES (150, '서울 강남구 테헤란로4길 46,  109호(역삼1동 826-37, 쌍용플래티넘)', 37.495256, 127.030877, '강남쌍용점', 2, 2, '14:05:00');
INSERT INTO `route_pin` (`id`, `address`, `latitude`, `longitude`, `name`, `turn`, `route_id`, `arrival`) VALUES (151, '서울 강남구 테헤란로4길 46,  B110호(역삼1동 826-37, 쌍용플래티넘밸류)', 37.495387, 127.030366, '역삼태극점', 3, 2, '14:10:00');
INSERT INTO `route_pin` (`id`, `address`, `latitude`, `longitude`, `name`, `turn`, `route_id`, `arrival`) VALUES (152, '서울 강남구 역삼로3길 10, 1층 (역삼동 830-28)', 37.494199, 127.031614, '역삼아워홈점', 4, 2, '14:15:00');
INSERT INTO `route_pin` (`id`, `address`, `latitude`, `longitude`, `name`, `turn`, `route_id`, `arrival`) VALUES (153, '서울 강남구 강남대로 338, 102호 (역삼동 831-11, 서울빌딩)', 37.493342, 127.030404, '역삼로점', 5, 2, '14:20:00');
INSERT INTO `route_pin` (`id`, `address`, `latitude`, `longitude`, `name`, `turn`, `route_id`, `arrival`) VALUES (154, '서울 서초구 사임당로 174, 107호 (서초2동 1337, 세인트하이얀빌딩)', 37.492309, 127.028664, '서초세인트점', 6, 2, '14:25:00');
INSERT INTO `route_pin` (`id`, `address`, `latitude`, `longitude`, `name`, `turn`, `route_id`, `arrival`) VALUES (155, '서울 서초구 강남대로51길 10, 108호 (서초2동 1337-6, 효성해링턴타워)', 37.491294, 127.029287, '서초효성점', 7, 2, '14:30:00');
INSERT INTO `route_pin` (`id`, `address`, `latitude`, `longitude`, `name`, `turn`, `route_id`, `arrival`) VALUES (156, '서울 강남구 강남대로 328, 111호 (역삼1동 832-3, 강남역쉐르빌오피스텔)', 37.492427, 127.030924, '강남쉐르빌점', 8, 2, '14:35:00');
INSERT INTO `route_pin` (`id`, `address`, `latitude`, `longitude`, `name`, `turn`, `route_id`, `arrival`) VALUES (157, '서울 서초구 사임당로8길 4,  1층 105호(서초1동 1624-3)', 37.488363, 127.015253, '서초남부점', 9, 2, '14:40:00');
INSERT INTO `route_pin` (`id`, `address`, `latitude`, `longitude`, `name`, `turn`, `route_id`, `arrival`) VALUES (158, '서울 서초구 명달로4길 4, 102,103호(서초3동 1467-1, 한빛빌딩)', 37.479849, 127.0061, '서초행복점', 10, 2, '14:45:00');
INSERT INTO `route_pin` (`id`, `address`, `latitude`, `longitude`, `name`, `turn`, `route_id`, `arrival`) VALUES (159, '서울 강남구 세곡동 세곡리엔파크5단지 104호', 37.460304, 127.101225, '세곡리엔점', 11, 2, '14:50:00');
INSERT INTO `route_pin` (`id`, `address`, `latitude`, `longitude`, `name`, `turn`, `route_id`, `arrival`) VALUES (160, '서울 강남구 헌릉로571길 20, 상가 102호 (세곡동 579, 보금자리주택)', 37.466804, 127.102816, '보금자리점', 12, 2, '14:55:00');
INSERT INTO `route_pin` (`id`, `address`, `latitude`, `longitude`, `name`, `turn`, `route_id`, `arrival`) VALUES (161, '서울 강남구 세곡동 보금자리주택A1BL상가102호', 37.46709, 127.10177, '보금자리점', 13, 2, '15:00:00');
INSERT INTO `route_pin` (`id`, `address`, `latitude`, `longitude`, `name`, `turn`, `route_id`, `arrival`) VALUES (162, '서울 강남구 자곡동 강남3블럭(A)1층 상가-101', 37.471662, 127.090432, '강남보금자리점', 14, 2, '15:05:00');
INSERT INTO `route_pin` (`id`, `address`, `latitude`, `longitude`, `name`, `turn`, `route_id`, `arrival`) VALUES (163, '서울 강남구 자곡동 강남보금자리주택지구A6BL상가B01,B02', 37.473786, 127.094725, '세곡래미안점', 15, 2, '15:10:00');
INSERT INTO `route_pin` (`id`, `address`, `latitude`, `longitude`, `name`, `turn`, `route_id`, `arrival`) VALUES (164, '서울 강남구 자곡로 180, 111-2호 (자곡동 651, 강남유탑유블레스오피스텔)', 37.473671, 127.10326, '강남유블레스점', 16, 2, '15:15:00');
INSERT INTO `route_pin` (`id`, `address`, `latitude`, `longitude`, `name`, `turn`, `route_id`, `arrival`) VALUES (165, '서울 강남구 밤고개로1길 10, 1층 1177호 (수서동 713, 현대벤쳐빌)', 37.487959, 127.101825, '수서벤처점', 17, 2, '15:20:00');
INSERT INTO `route_pin` (`id`, `address`, `latitude`, `longitude`, `name`, `turn`, `route_id`, `arrival`) VALUES (166, '서울 강동구 천호대로 1057, 105,6호(천호3동 451-20, 오피스텔트레벨)', 37.537228, 127.129432, '강동트레벨점', 1, 19, '14:00:00');
INSERT INTO `route_pin` (`id`, `address`, `latitude`, `longitude`, `name`, `turn`, `route_id`, `arrival`) VALUES (167, '서울 강동구 올림픽로70길 61, 1층(천호2동 414, 두산위브센티움상가)', 37.539462, 127.126792, '천호위브점', 2, 19, '14:05:00');
INSERT INTO `route_pin` (`id`, `address`, `latitude`, `longitude`, `name`, `turn`, `route_id`, `arrival`) VALUES (168, '서울 강동구 올림픽로70길 29(천호2동 427-6)', 37.539387, 127.125209, '천호점', 3, 19, '14:10:00');
INSERT INTO `route_pin` (`id`, `address`, `latitude`, `longitude`, `name`, `turn`, `route_id`, `arrival`) VALUES (169, '서울 강동구 천호대로 1016, 1층(성내2동 48-1, 한일빌딩)', 37.537997, 127.124863, '성내한일점', 4, 19, '14:15:00');
INSERT INTO `route_pin` (`id`, `address`, `latitude`, `longitude`, `name`, `turn`, `route_id`, `arrival`) VALUES (170, '서울 강동구 성안로25길 21, 1층(천호3동 169-13)', 37.53814, 127.134479, '천호삼성점', 5, 19, '14:20:00');
INSERT INTO `route_pin` (`id`, `address`, `latitude`, `longitude`, `name`, `turn`, `route_id`, `arrival`) VALUES (171, '서울 강동구 진황도로 59, 1층(천호3동 162-4, 금호타워)', 37.537601, 127.133512, '천호금환점', 6, 19, '14:25:00');
INSERT INTO `route_pin` (`id`, `address`, `latitude`, `longitude`, `name`, `turn`, `route_id`, `arrival`) VALUES (172, '서울 강동구 구천면로 233, 1층 103, 104호 (천호동 397-30)', 37.541662, 127.130082, '천호오티스점', 7, 19, '14:30:00');
INSERT INTO `route_pin` (`id`, `address`, `latitude`, `longitude`, `name`, `turn`, `route_id`, `arrival`) VALUES (173, '서울 강동구 구천면로 192, 1층 108호 (천호동 425-17, 천호역한강푸르지오시티)', 37.540292, 127.125775, '천호한강점', 8, 19, '14:35:00');
INSERT INTO `route_pin` (`id`, `address`, `latitude`, `longitude`, `name`, `turn`, `route_id`, `arrival`) VALUES (174, '서울 강동구 구천면로 183, 별관 가-101호  (천호동 356, 로석빌딩)', 37.541072, 127.125291, '천호제일점', 9, 19, '14:40:00');
INSERT INTO `route_pin` (`id`, `address`, `latitude`, `longitude`, `name`, `turn`, `route_id`, `arrival`) VALUES (175, '서울 강동구 천중로12길 23 (천호동 361-2)', 37.544087, 127.127247, '천호로뎀점', 10, 19, '14:45:00');
INSERT INTO `route_pin` (`id`, `address`, `latitude`, `longitude`, `name`, `turn`, `route_id`, `arrival`) VALUES (176, '서울 강동구 구천면로41길 87, 1층 (천호동 310-28)', 37.547907, 127.129534, '천호하이츠점', 11, 19, '14:50:00');
INSERT INTO `route_pin` (`id`, `address`, `latitude`, `longitude`, `name`, `turn`, `route_id`, `arrival`) VALUES (177, '서울 강동구 상암로 29, 1층(암사2동 502-6)', 37.550564, 127.126934, '암사역점', 12, 19, '14:55:00');
INSERT INTO `route_pin` (`id`, `address`, `latitude`, `longitude`, `name`, `turn`, `route_id`, `arrival`) VALUES (178, '서울 강동구 상암로3길 81, 상가동 106호 (암사동 508, 삼성광나루아파트)', 37.554096, 127.12764, '암사광나루점', 13, 19, '15:00:00');
INSERT INTO `route_pin` (`id`, `address`, `latitude`, `longitude`, `name`, `turn`, `route_id`, `arrival`) VALUES (179, '서울 강동구 상암로4길 57, 1층(천호2동 316)', 37.547943, 127.125878, '천호신암점', 14, 19, '15:05:00');
INSERT INTO `route_pin` (`id`, `address`, `latitude`, `longitude`, `name`, `turn`, `route_id`, `arrival`) VALUES (180, '서울 강동구 천중로 16(천호2동 330-17)', 37.545653, 127.123359, '천호리버점', 15, 19, '15:10:00');
INSERT INTO `route_pin` (`id`, `address`, `latitude`, `longitude`, `name`, `turn`, `route_id`, `arrival`) VALUES (181, '서울 강동구 구천면로 155, 1층 (천호동 339-45)', 37.542143, 127.122261, '강동강변점', 16, 19, '15:15:00');
INSERT INTO `route_pin` (`id`, `address`, `latitude`, `longitude`, `name`, `turn`, `route_id`, `arrival`) VALUES (182, '서울 강동구 올림픽로 651, 1층(천호2동 431-4, 예경빌딩)', 37.539751, 127.12327, '천호역점', 17, 19, '15:20:00');
INSERT INTO `route_pin` (`id`, `address`, `latitude`, `longitude`, `name`, `turn`, `route_id`, `arrival`) VALUES (183, '서울 강남구 논현로153길 46(신사동 555-13)', 37.520532, 127.024421, '신사초롱점', 1, 5, '15:00:00');
INSERT INTO `route_pin` (`id`, `address`, `latitude`, `longitude`, `name`, `turn`, `route_id`, `arrival`) VALUES (184, '서울 서초구 주흥길 12(반포1동 741)', 37.504489, 127.020702, '반포2점', 2, 5, '15:05:00');
INSERT INTO `route_pin` (`id`, `address`, `latitude`, `longitude`, `name`, `turn`, `route_id`, `arrival`) VALUES (185, '서울 서초구 주흥길 27, 1층 (반포동 728-30)', 37.505448, 127.019204, '반포사랑점', 3, 5, '15:10:00');
INSERT INTO `route_pin` (`id`, `address`, `latitude`, `longitude`, `name`, `turn`, `route_id`, `arrival`) VALUES (186, '서울 서초구 주흥9길 14-18, 1층 (반포동 716-3, 반포동빌딩)', 37.507553, 127.019171, '반포스타점', 4, 5, '15:15:00');
INSERT INTO `route_pin` (`id`, `address`, `latitude`, `longitude`, `name`, `turn`, `route_id`, `arrival`) VALUES (187, '서울 서초구 신반포로45길 9-4, 103호 (잠원동 42-10, 더원빌딩)', 37.51105, 127.018716, '잠원하나점', 5, 5, '15:20:00');
INSERT INTO `route_pin` (`id`, `address`, `latitude`, `longitude`, `name`, `turn`, `route_id`, `arrival`) VALUES (188, '서울 서초구 신반포로41길 32, 1층 (잠원동 44-1, 우정빌딩)', 37.511257, 127.016508, '잠원아이비점', 6, 5, '15:25:00');
INSERT INTO `route_pin` (`id`, `address`, `latitude`, `longitude`, `name`, `turn`, `route_id`, `arrival`) VALUES (189, '서울 강남구 선릉로148길 32(청담동 21-9)', 37.522624, 127.042156, '청담중앙점', 1, 14, '15:00:00');
INSERT INTO `route_pin` (`id`, `address`, `latitude`, `longitude`, `name`, `turn`, `route_id`, `arrival`) VALUES (190, '서울 강남구 도산대로 408, 1층(청담동 2, 신우빌딩)', 37.522985, 127.040202, '청담대로점', 2, 14, '15:05:00');
INSERT INTO `route_pin` (`id`, `address`, `latitude`, `longitude`, `name`, `turn`, `route_id`, `arrival`) VALUES (191, '서울 강남구 도산대로66길 43,  1층 101호(청담동 16-19)', 37.520653, 127.04375, '청담본점', 3, 14, '15:10:00');
INSERT INTO `route_pin` (`id`, `address`, `latitude`, `longitude`, `name`, `turn`, `route_id`, `arrival`) VALUES (192, '서울 강남구 봉은사로48길 32, 지하1층 2호 (역삼동 690-29)', 37.50734, 127.042054, '강남역삼점', 4, 14, '15:15:00');
INSERT INTO `route_pin` (`id`, `address`, `latitude`, `longitude`, `name`, `turn`, `route_id`, `arrival`) VALUES (193, '서울 강남구 테헤란로55길 27(역삼1동 696-10)', 37.506043, 127.046617, '역삼사랑점', 5, 14, '15:20:00');
INSERT INTO `route_pin` (`id`, `address`, `latitude`, `longitude`, `name`, `turn`, `route_id`, `arrival`) VALUES (194, '서울 강남구 압구정로29길 71, 115,116호 (압구정동 369-1, 현대아파트)', 37.533144, 127.027501, '압구정현대점', 6, 14, '15:25:00');
INSERT INTO `route_pin` (`id`, `address`, `latitude`, `longitude`, `name`, `turn`, `route_id`, `arrival`) VALUES (195, '서울 강남구 압구정로 151, 상가 101,102호 (압구정동 426, 현대9차)', 37.528047, 127.024501, '신현대점', 7, 14, '15:30:00');
INSERT INTO `route_pin` (`id`, `address`, `latitude`, `longitude`, `name`, `turn`, `route_id`, `arrival`) VALUES (196, '서울 강동구 성안로 7, 1층 103호 (성내1동 448-7, 강림빌딩)', 37.524547, 127.128912, '성내강림점', 1, 7, '15:00:00');
INSERT INTO `route_pin` (`id`, `address`, `latitude`, `longitude`, `name`, `turn`, `route_id`, `arrival`) VALUES (197, '서울 강동구 성안로13길 38, 1층 101호 (성내2동 505-4)', 37.531901, 127.130253, '성내신공원점', 2, 7, '15:05:00');
INSERT INTO `route_pin` (`id`, `address`, `latitude`, `longitude`, `name`, `turn`, `route_id`, `arrival`) VALUES (198, '서울 강동구 천호대로170길 66, 1층 (성내동 501-21)', 37.532535, 127.132021, '성내제일점', 3, 7, '15:10:00');
INSERT INTO `route_pin` (`id`, `address`, `latitude`, `longitude`, `name`, `turn`, `route_id`, `arrival`) VALUES (199, '서울 강동구 천호대로168길 25 (성내동 196-8, 코오롱아파트)', 37.534456, 127.132191, '성내한빛점', 4, 7, '15:15:00');
INSERT INTO `route_pin` (`id`, `address`, `latitude`, `longitude`, `name`, `turn`, `route_id`, `arrival`) VALUES (200, '서울 강동구 천호대로174길 22(성내동 199-30)', 37.533833, 127.134529, '성내타운점', 5, 7, '15:20:00');
INSERT INTO `route_pin` (`id`, `address`, `latitude`, `longitude`, `name`, `turn`, `route_id`, `arrival`) VALUES (201, '서울 강동구 진황도로 153(둔촌2동 448)', 37.532316, 127.141562, '둔촌동안점', 6, 7, '15:25:00');
INSERT INTO `route_pin` (`id`, `address`, `latitude`, `longitude`, `name`, `turn`, `route_id`, `arrival`) VALUES (202, '서울 강동구 천호대로198길 32(둔촌2동 611-1)', 37.5345, 127.148201, '둔촌프라자점', 7, 7, '15:30:00');
INSERT INTO `route_pin` (`id`, `address`, `latitude`, `longitude`, `name`, `turn`, `route_id`, `arrival`) VALUES (203, '서울 강동구 풍성로 247 (둔촌2동 163)', 37.528227, 127.13921, '둔촌주공점', 8, 7, '15:35:00');
INSERT INTO `route_pin` (`id`, `address`, `latitude`, `longitude`, `name`, `turn`, `route_id`, `arrival`) VALUES (204, '서울 강동구 양재대로97길 7, 1층 (성내동 397)', 37.531001, 127.136746, '강동성내점', 9, 7, '15:40:00');
INSERT INTO `route_pin` (`id`, `address`, `latitude`, `longitude`, `name`, `turn`, `route_id`, `arrival`) VALUES (205, '서울 강동구 양재대로95길 47, 1층 (성내3동 410-4)', 37.530596, 127.134216, '성내하이츠점', 10, 7, '15:45:00');
INSERT INTO `route_pin` (`id`, `address`, `latitude`, `longitude`, `name`, `turn`, `route_id`, `arrival`) VALUES (206, '서울 강동구 풍성로52길 1, 1층 1,2,3호(성내3동 419)', 37.529683, 127.13262, '성내풍성점', 11, 7, '15:50:00');
INSERT INTO `route_pin` (`id`, `address`, `latitude`, `longitude`, `name`, `turn`, `route_id`, `arrival`) VALUES (207, '서울 강동구 양재대로87길 19,  1층 2호(성내3동 439)', 37.52552, 127.133867, '둔촌행복점', 12, 7, '15:55:00');
INSERT INTO `route_pin` (`id`, `address`, `latitude`, `longitude`, `name`, `turn`, `route_id`, `arrival`) VALUES (208, '서울 강동구 강동대로53길 49, 103,104호(성내3동 437-26, 영진파크빌)', 37.525047, 127.132006, '성내파크점', 13, 7, '16:00:00');
INSERT INTO `route_pin` (`id`, `address`, `latitude`, `longitude`, `name`, `turn`, `route_id`, `arrival`) VALUES (209, '서울 강동구 양재대로 1319, 103호(성내3동 440, 경일빌딩)', 37.524194, 127.134457, '둔촌타운점', 14, 7, '16:05:00');
INSERT INTO `route_pin` (`id`, `address`, `latitude`, `longitude`, `name`, `turn`, `route_id`, `arrival`) VALUES (210, '서울 강동구 양재대로89가길 69, 1층(성내3동 440-3)', 37.523395, 127.133949, '성내유토빌점', 15, 7, '16:10:00');
INSERT INTO `route_pin` (`id`, `address`, `latitude`, `longitude`, `name`, `turn`, `route_id`, `arrival`) VALUES (211, '서울 송파구 강동대로 300, 지상가 101호102호 (방이동 89-4)', 37.518973, 127.138072, '송파오륜점', 16, 7, '16:15:00');
INSERT INTO `route_pin` (`id`, `address`, `latitude`, `longitude`, `name`, `turn`, `route_id`, `arrival`) VALUES (212, '서울 강동구 천중로32길 29, 1층 (천호동 209-3)', 37.541727, 127.134642, '천호은혜점', 1, 18, '15:00:00');
INSERT INTO `route_pin` (`id`, `address`, `latitude`, `longitude`, `name`, `turn`, `route_id`, `arrival`) VALUES (213, '서울 강동구 천중로 93, 10호 (천호동 297-12, 성은빌딩)', 37.544693, 127.132389, '천호하이빌점', 2, 18, '15:05:00');
INSERT INTO `route_pin` (`id`, `address`, `latitude`, `longitude`, `name`, `turn`, `route_id`, `arrival`) VALUES (214, '서울 강동구 구천면로47가길 33, 1층 (암사1동 490-29)', 37.548958, 127.13286, '암사햇살점', 3, 18, '15:10:00');
INSERT INTO `route_pin` (`id`, `address`, `latitude`, `longitude`, `name`, `turn`, `route_id`, `arrival`) VALUES (215, '서울 강동구 상암로 75-1, 1층 (암사동 491-64, 상림주택)', 37.548454, 127.13161, '암사상암점', 4, 18, '15:15:00');
INSERT INTO `route_pin` (`id`, `address`, `latitude`, `longitude`, `name`, `turn`, `route_id`, `arrival`) VALUES (216, '서울 강동구 올림픽로98길 50 (암사동 496-11)', 37.549967, 127.129619, '암사시장점', 5, 18, '15:20:00');
INSERT INTO `route_pin` (`id`, `address`, `latitude`, `longitude`, `name`, `turn`, `route_id`, `arrival`) VALUES (217, '서울 강동구 고덕로 39 (암사3동 441-14)', 37.555019, 127.129938, 'G고덕점', 6, 18, '15:25:00');
INSERT INTO `route_pin` (`id`, `address`, `latitude`, `longitude`, `name`, `turn`, `route_id`, `arrival`) VALUES (218, '서울 강동구 고덕로27길 28, 현대@상가101,2호(암사3동 400-5)', 37.555935, 127.138067, '암사현대점', 7, 18, '15:30:00');
INSERT INTO `route_pin` (`id`, `address`, `latitude`, `longitude`, `name`, `turn`, `route_id`, `arrival`) VALUES (219, '서울 강동구 암사길 54, 1층(암사1동 478)', 37.551787, 127.13517, '암사성모점', 8, 18, '15:35:00');
INSERT INTO `route_pin` (`id`, `address`, `latitude`, `longitude`, `name`, `turn`, `route_id`, `arrival`) VALUES (220, '서울 강동구 고덕로20마길 29, 1층 (암사1동 469-30)', 37.55217, 127.132155, '강동암사점', 9, 18, '15:40:00');
INSERT INTO `route_pin` (`id`, `address`, `latitude`, `longitude`, `name`, `turn`, `route_id`, `arrival`) VALUES (221, '서울 강동구 암사길 83, 1층 (암사1동 434-12)', 37.552262, 127.138594, '암사팰리스점', 10, 18, '15:45:00');
INSERT INTO `route_pin` (`id`, `address`, `latitude`, `longitude`, `name`, `turn`, `route_id`, `arrival`) VALUES (222, '서울 강동구 고덕로 140, 상가동1층119-2,120-1  (암사동 413-3, 현대대림아파트)', 37.554422, 127.140686, '강동펠리스점', 11, 18, '15:50:00');
INSERT INTO `route_pin` (`id`, `address`, `latitude`, `longitude`, `name`, `turn`, `route_id`, `arrival`) VALUES (223, '서울 강동구 구천면로 427(명일1동 315-13)', 37.550416, 127.146186, '명일점', 12, 18, '15:55:00');
INSERT INTO `route_pin` (`id`, `address`, `latitude`, `longitude`, `name`, `turn`, `route_id`, `arrival`) VALUES (224, '서울 강동구 구천면로 424, 113,114호 (명일1동 325-11, 명일메가타운)', 37.55034, 127.145588, '명일타운점', 13, 18, '16:00:00');
INSERT INTO `route_pin` (`id`, `address`, `latitude`, `longitude`, `name`, `turn`, `route_id`, `arrival`) VALUES (225, '서울 강동구 구천면로 361(암사1동 422-13)', 37.550713, 127.138691, '암사우성점', 14, 18, '16:05:00');
INSERT INTO `route_pin` (`id`, `address`, `latitude`, `longitude`, `name`, `turn`, `route_id`, `arrival`) VALUES (226, '서울 강동구 구천면로53길 21 (암사1동 486-47)', 37.550035, 127.135971, '암사해리점', 15, 18, '16:10:00');
INSERT INTO `route_pin` (`id`, `address`, `latitude`, `longitude`, `name`, `turn`, `route_id`, `arrival`) VALUES (227, '서울 강동구 상암로27나길 4, 1층 (천호동 231-32)', 37.547581, 127.137748, '천호해리점', 16, 18, '16:15:00');
INSERT INTO `route_pin` (`id`, `address`, `latitude`, `longitude`, `name`, `turn`, `route_id`, `arrival`) VALUES (228, '서울 강동구 고덕로 133, 롯데캐슬상가138~139(암사3동 414-18)', 37.555399, 127.140007, '암사캐슬점', 17, 18, '16:20:00');
INSERT INTO `route_pin` (`id`, `address`, `latitude`, `longitude`, `name`, `turn`, `route_id`, `arrival`) VALUES (229, '서울 강동구 상암로 162, 1층 (천호동 39-14)', 37.54577, 127.140469, '천호중앙점', 18, 18, '16:25:00');
INSERT INTO `route_pin` (`id`, `address`, `latitude`, `longitude`, `name`, `turn`, `route_id`, `arrival`) VALUES (230, '서울 강동구 성안로3길 104 (성내동 560-4)', 37.527854, 127.124443, '성내동원점', 1, 16, '15:00:00');
INSERT INTO `route_pin` (`id`, `address`, `latitude`, `longitude`, `name`, `turn`, `route_id`, `arrival`) VALUES (231, '서울 강동구 성내로6길 20, 108호 (성내1동 556-2, 청일 베르네)', 37.528948, 127.122197, '강동베르네점', 2, 16, '15:05:00');
INSERT INTO `route_pin` (`id`, `address`, `latitude`, `longitude`, `name`, `turn`, `route_id`, `arrival`) VALUES (232, '서울 강동구 성내로13길 14, 1층 102호 (성내동 543)', 37.528591, 127.127507, '강동성일점', 3, 16, '15:10:00');
INSERT INTO `route_pin` (`id`, `address`, `latitude`, `longitude`, `name`, `turn`, `route_id`, `arrival`) VALUES (233, '서울 강동구 성안로 44, 1층 (성내동 434, 평산빌딩)', 37.527543, 127.130812, '성내호원점', 4, 16, '15:15:00');
INSERT INTO `route_pin` (`id`, `address`, `latitude`, `longitude`, `name`, `turn`, `route_id`, `arrival`) VALUES (234, '서울 강동구 풍성로 135, 1층 (성내동 276-2)', 37.531508, 127.12719, '성내삼성점', 5, 16, '15:20:00');
INSERT INTO `route_pin` (`id`, `address`, `latitude`, `longitude`, `name`, `turn`, `route_id`, `arrival`) VALUES (235, '서울 강동구 풍성로37길 41, 1층 (성내2동 139-4)', 37.533665, 127.126396, '성내스타점', 6, 16, '15:25:00');
INSERT INTO `route_pin` (`id`, `address`, `latitude`, `longitude`, `name`, `turn`, `route_id`, `arrival`) VALUES (236, '서울 강동구 천호옛길 65, 1층(성내2동 132-5)', 37.534848, 127.1243, '성내행복점', 7, 16, '15:30:00');
INSERT INTO `route_pin` (`id`, `address`, `latitude`, `longitude`, `name`, `turn`, `route_id`, `arrival`) VALUES (237, '서울 강동구 올림픽로 622 (성내2동 78-10, 케이디빌딩)', 37.536849, 127.123168, '강동제일점', 8, 16, '15:35:00');
INSERT INTO `route_pin` (`id`, `address`, `latitude`, `longitude`, `name`, `turn`, `route_id`, `arrival`) VALUES (238, '서울 강동구 천호대로162길 34,  112호(성내2동 25-1)', 37.535778, 127.128193, '성내이안점', 9, 16, '15:40:00');
INSERT INTO `route_pin` (`id`, `address`, `latitude`, `longitude`, `name`, `turn`, `route_id`, `arrival`) VALUES (239, '서울 강동구 천호대로 1078,  104호(성내2동 164-1, CJ나인파크)', 37.535827, 127.131259, '강동파크점', 10, 16, '15:45:00');
INSERT INTO `route_pin` (`id`, `address`, `latitude`, `longitude`, `name`, `turn`, `route_id`, `arrival`) VALUES (240, '서울 강동구 성안로 156, 1층 3호 (길동 416-6, 우주빌딩)', 37.536867, 127.135411, '강동성심점', 11, 16, '15:50:00');
INSERT INTO `route_pin` (`id`, `address`, `latitude`, `longitude`, `name`, `turn`, `route_id`, `arrival`) VALUES (241, '서울 강동구 천중로35길 11, 1층(천호3동 112-5)', 37.541782, 127.137221, '천호후레쉬점', 12, 16, '15:55:00');
INSERT INTO `route_pin` (`id`, `address`, `latitude`, `longitude`, `name`, `turn`, `route_id`, `arrival`) VALUES (242, '서울 강동구 구천면로42길 8, 1층(천호1동 238-3)', 37.546332, 127.134679, '천호한신점', 13, 16, '16:00:00');
INSERT INTO `route_pin` (`id`, `address`, `latitude`, `longitude`, `name`, `turn`, `route_id`, `arrival`) VALUES (243, '서울 강동구 천중로35길 66, 1층(천호1동 48-1)', 37.543937, 127.138712, '천호타운점', 14, 16, '16:05:00');
INSERT INTO `route_pin` (`id`, `address`, `latitude`, `longitude`, `name`, `turn`, `route_id`, `arrival`) VALUES (244, '서울 강동구 양재대로 1518 (길동 347-14)', 37.541157, 127.141559, '길동타운점', 15, 16, '16:10:00');
INSERT INTO `route_pin` (`id`, `address`, `latitude`, `longitude`, `name`, `turn`, `route_id`, `arrival`) VALUES (245, '서울 강동구 양재대로 1544, 1층(길동 335-5)', 37.543352, 127.142487, '강동KTNG점', 16, 16, '16:15:00');
INSERT INTO `route_pin` (`id`, `address`, `latitude`, `longitude`, `name`, `turn`, `route_id`, `arrival`) VALUES (246, '서울 강동구 양재대로113길 14, 1층(길동 379-14)', 37.538156, 127.139232, '길동퍼스트점', 17, 16, '16:20:00');
INSERT INTO `route_pin` (`id`, `address`, `latitude`, `longitude`, `name`, `turn`, `route_id`, `arrival`) VALUES (247, '서울 강동구 진황도로 100,  외1필지 1층 108호(길동 456-2, 길동하이브)', 37.535349, 127.137374, '길동하이브점', 18, 16, '16:25:00');
INSERT INTO `route_pin` (`id`, `address`, `latitude`, `longitude`, `name`, `turn`, `route_id`, `arrival`) VALUES (248, '서울 강동구 천호대로 1139, 1층 (길동 459-3, 강동그린타워)', 37.534607, 127.13813, '강동세무서점', 19, 16, '16:30:00');
INSERT INTO `route_pin` (`id`, `address`, `latitude`, `longitude`, `name`, `turn`, `route_id`, `arrival`) VALUES (249, '서울 강동구 풍성로56길 10, 1층 (성내동 417-44)', 37.528689, 127.134956, '강동풍성로점', 20, 16, '16:35:00');
INSERT INTO `route_pin` (`id`, `address`, `latitude`, `longitude`, `name`, `turn`, `route_id`, `arrival`) VALUES (250, '서울 강동구 양재대로 1367, 103호 (성내3동 416-4)', 37.528276, 127.136166, '둔촌역점', 21, 16, '16:40:00');
INSERT INTO `route_pin` (`id`, `address`, `latitude`, `longitude`, `name`, `turn`, `route_id`, `arrival`) VALUES (251, '경기 하남시 감초로 65(감북동 346-13)', 37.519901, 127.159227, '하남감북점', 1, 9, '15:00:00');
INSERT INTO `route_pin` (`id`, `address`, `latitude`, `longitude`, `name`, `turn`, `route_id`, `arrival`) VALUES (252, '서울 강동구 상암로 405, 제101동 제상가1호  (상일동 473, 외 1필지 상일동아아파트)', 37.545813, 127.167831, '상일동아점', 2, 9, '15:05:00');
INSERT INTO `route_pin` (`id`, `address`, `latitude`, `longitude`, `name`, `turn`, `route_id`, `arrival`) VALUES (253, '서울 강동구 상일로5길 8, 1층 (상일동 269-7)', 37.549124, 127.172599, '강동삼성점', 3, 9, '15:10:00');
INSERT INTO `route_pin` (`id`, `address`, `latitude`, `longitude`, `name`, `turn`, `route_id`, `arrival`) VALUES (254, '서울 강동구 상일로10길 36,  109호(상일동 373-1)', 37.550438, 127.174672, '상일세종점', 4, 9, '15:15:00');
INSERT INTO `route_pin` (`id`, `address`, `latitude`, `longitude`, `name`, `turn`, `route_id`, `arrival`) VALUES (255, '서울 강동구 아리수로94길 72, 102호 강일리버파크 8단지상가  (강일동, 강일리버파크8단지아파트)', 37.561857, 127.177545, '강일리버점', 5, 9, '15:20:00');
INSERT INTO `route_pin` (`id`, `address`, `latitude`, `longitude`, `name`, `turn`, `route_id`, `arrival`) VALUES (256, '서울 강동구 아리수로97길 19 (강일동 673, 강일리버파크4단지상가동101,102호)', 37.566611, 127.177052, '강일4단지점', 6, 9, '15:25:00');
INSERT INTO `route_pin` (`id`, `address`, `latitude`, `longitude`, `name`, `turn`, `route_id`, `arrival`) VALUES (257, '경기 하남시 망월동 464-1번지 하남미사강변도시A2BL 105호', 37.571621, 127.178442, '미사한일점', 7, 9, '15:30:00');
INSERT INTO `route_pin` (`id`, `address`, `latitude`, `longitude`, `name`, `turn`, `route_id`, `arrival`) VALUES (258, '경기 하남시 아리수로 589, 상가동 101호 (망월동 910, 미사강변15단지)', 37.568582, 127.192266, '미사파밀리에점', 8, 9, '15:35:00');
INSERT INTO `route_pin` (`id`, `address`, `latitude`, `longitude`, `name`, `turn`, `route_id`, `arrival`) VALUES (259, '경기 하남시 미사강변동로 177-1, 101호 (망월동 946, 미사강변도시12단지아파트)', 37.570775, 127.188983, '미사12단지점', 9, 9, '15:40:00');
INSERT INTO `route_pin` (`id`, `address`, `latitude`, `longitude`, `name`, `turn`, `route_id`, `arrival`) VALUES (260, '경기 하남시 미사강변한강로 170, 상가동 104호 (망월동 904, 미사강변11단지)', 37.574689, 127.192482, '미사한신점', 10, 9, '15:45:00');
INSERT INTO `route_pin` (`id`, `address`, `latitude`, `longitude`, `name`, `turn`, `route_id`, `arrival`) VALUES (261, '서울 강동구 아리수로97길 68,  상가 101호(강일동 668, 강일리버파크2단지)', 37.568635, 127.176622, '강일타운점', 11, 9, '15:50:00');
INSERT INTO `route_pin` (`id`, `address`, `latitude`, `longitude`, `name`, `turn`, `route_id`, `arrival`) VALUES (262, '서울 강동구 아리수로93길 33, 105호 (강일동 675, 베스트프라자)', 37.565829, 127.173506, '강일뉴타운점', 12, 9, '15:55:00');
INSERT INTO `route_pin` (`id`, `address`, `latitude`, `longitude`, `name`, `turn`, `route_id`, `arrival`) VALUES (263, '서울 강동구 동남로82길 109, 1층(고덕2동 256-4)', 37.560448, 127.162994, '고덕샘터점', 13, 9, '16:00:00');
INSERT INTO `route_pin` (`id`, `address`, `latitude`, `longitude`, `name`, `turn`, `route_id`, `arrival`) VALUES (264, '서울 강동구 동남로85길 20 (고덕동 528-5)', 37.561436, 127.155585, '고덕파크점', 14, 9, '16:05:00');
INSERT INTO `route_pin` (`id`, `address`, `latitude`, `longitude`, `name`, `turn`, `route_id`, `arrival`) VALUES (265, '서울 강동구 동남로85길 20 (고덕동 528-5)', 37.56143, 127.155602, '고덕파크점', 15, 9, '16:10:00');
INSERT INTO `route_pin` (`id`, `address`, `latitude`, `longitude`, `name`, `turn`, `route_id`, `arrival`) VALUES (266, '서울 강동구 동남로81길 44(고덕1동 503)', 37.560027, 127.154475, '고덕점', 16, 9, '16:15:00');
INSERT INTO `route_pin` (`id`, `address`, `latitude`, `longitude`, `name`, `turn`, `route_id`, `arrival`) VALUES (267, '서울 강동구 고덕로 240,  1층 105호(명일2동 44, 신동아아파트)', 37.554249, 127.151643, '명일신동아점', 17, 9, '16:20:00');
INSERT INTO `route_pin` (`id`, `address`, `latitude`, `longitude`, `name`, `turn`, `route_id`, `arrival`) VALUES (268, '서울 강동구 동남로71길 20 (명일2동 48-15, 청솔빌딩)', 37.55184, 127.155066, '명일청솔점', 18, 9, '16:25:00');
INSERT INTO `route_pin` (`id`, `address`, `latitude`, `longitude`, `name`, `turn`, `route_id`, `arrival`) VALUES (269, '서울 강동구 구천면로 476, 상가동 122호 (명일2동 257, 주공9단지)', 37.549026, 127.150888, '명일주공점', 19, 9, '16:30:00');
INSERT INTO `route_pin` (`id`, `address`, `latitude`, `longitude`, `name`, `turn`, `route_id`, `arrival`) VALUES (270, '서울 강동구 양재대로134길 25(명일1동 337-30)', 37.547712, 127.144871, '명일중앙점', 20, 9, '16:35:00');

DELETE FROM `route_pin` WHERE `turn` > 9;
UPDATE `vehicle` SET `number` = CONCAT(SUBSTRING(`number`, 0, 7), 'OO');
UPDATE `vehicle` SET `driver` = CONCAT(CONCAT(SUBSTRING(`driver`, 0, 1), 'O'), SUBSTRING(`driver`, 3, 1));
UPDATE `route` SET `name` = CONCAT(CONCAT(SUBSTRING(`name`, 0, 1), 'O'), SUBSTRING(`name`, 3, 5));
UPDATE `route_pin` SET `address` = CONCAT(SUBSTRING(`address`, 0, 10), ' OO번지 OO');
UPDATE `route_pin` SET `name` = CONCAT(SUBSTRING(`name`, 0, 2), ' OO점');